fid,icon_url
"1",./0.png
"2",./0.png
"3",./0.png
"4",./0.png
"5",./0.png
"6",./0.png
"7",./0.png
"8",./0.png
"9",./0.png
"10",./0.png
"11",./0.png
"12",./0.png
"13",./0.png
"14",./0.png
"15",./0.png
"16",./0.png
"17",./0.png
"18",./0.png
"19",./0.png
"20",./0.png
"21",./0.png
"22",./0.png
"23",./0.png
"24",./0.png
"25",./0.png
"26",./0.png
"27",./0.png
"28",./0.png
"29",./0.png
"30",./0.png
"31",./0.png
"32",./0.png
"33",./0.png
"34",./0.png
"35",./0.png
"36",./0.png
"37",./0.png
"38",./0.png
"39",./0.png
"40",./0.png
"41",./0.png
"42",./0.png
"43",./0.png
"44",./0.png
"45",./0.png
"46",./0.png
"47",./0.png
"48",./0.png
"49",./0.png
"50",./0.png
"51",./0.png
"52",./0.png
"53",./0.png
"54",./0.png
"55",./0.png
"56",./0.png
"57",./0.png
"58",./0.png
"59",./0.png
"60",./0.png
"61",./0.png
"62",./0.png
"63",./0.png
"64",./0.png
"65",./0.png
"66",./0.png
"67",./0.png
"68",./0.png
"69",./0.png
"70",./0.png
"71",./0.png
"72",./0.png
"73",./0.png
"74",./0.png
"75",./0.png
"76",./0.png
"77",./0.png
"78",./0.png
"79",./0.png
"80",./0.png
"81",./0.png
"82",./0.png
"83",./0.png
"84",./0.png
"85",./0.png
"86",./0.png
"87",./0.png
"88",./0.png
"89",./0.png
"90",./0.png
"91",./0.png
"92",./0.png
"93",./0.png
"94",./0.png
"95",./0.png
"96",./0.png
"97",./0.png
"98",./0.png
"99",./0.png
"100",./0.png
"101",./0.png
"102",./0.png
"103",./0.png
"104",./0.png
"105",./0.png
"106",./0.png
"107",./0.png
"108",./0.png
"109",./0.png
"110",./0.png
"111",./0.png
"112",./0.png
"113",./0.png
"114",./0.png
"115",./0.png
"116",./0.png
"117",./0.png
"118",./0.png
"119",./0.png
"120",./0.png
"121",./0.png
"122",./0.png
"123",./0.png
"124",./0.png
"125",./0.png
"126",./0.png
"127",./0.png
"128",./0.png
"129",./0.png
"130",./0.png
"131",./0.png
"132",./0.png
"133",./0.png
"134",./0.png
"135",./0.png
"136",./0.png
"137",./0.png
"138",./0.png
"139",./0.png
"140",./0.png
"141",./0.png
"142",./0.png
"143",./0.png
"144",./0.png
"145",./0.png
"146",./0.png
"147",./0.png
"148",./0.png
"149",./0.png
"150",./0.png
"151",./0.png
"152",./0.png
"153",./0.png
"154",./0.png
"155",./0.png
"156",./0.png
"157",./0.png
"158",./0.png
"159",./0.png
"160",./0.png
"161",./0.png
"162",./0.png
"163",./0.png
"164",./0.png
"165",./0.png
"166",./0.png
"167",./0.png
"168",./0.png
"169",./0.png
"170",./0.png
"171",./0.png
"172",./0.png
"173",./0.png
"174",./0.png
"175",./0.png
"176",./0.png
"177",./0.png
"178",./0.png
"179",./0.png
"180",./0.png
"181",./0.png
"182",./0.png
"183",./0.png
"184",./0.png
"185",./0.png
"186",./0.png
"187",./0.png
"188",./0.png
"189",./0.png
"190",./0.png
"191",./0.png
"192",./0.png
"193",./0.png
"194",./0.png
"195",./0.png
"196",./0.png
"197",./0.png
"198",./0.png
"199",./0.png
"200",./0.png
"201",./0.png
"202",./0.png
"203",./0.png
"204",./0.png
"205",./0.png
"206",./0.png
"207",./0.png
"208",./0.png
"209",./0.png
"210",./0.png
"211",./0.png
"212",./0.png
"213",./0.png
"214",./0.png
"215",./0.png
"216",./0.png
"217",./0.png
"218",./0.png
"219",./0.png
"220",./0.png
"221",./0.png
"222",./0.png
"223",./0.png
"224",./0.png
"225",./0.png
"226",./0.png
"227",./0.png
"228",./0.png
"229",./0.png
"230",./0.png
"231",./0.png
"232",./0.png
"233",./0.png
"234",./0.png
"235",./0.png
"236",./0.png
"237",./0.png
"238",./0.png
"239",./0.png
"240",./0.png
"241",./0.png
"242",./0.png
"243",./0.png
"244",./0.png
"245",./0.png
"246",./0.png
"247",./0.png
"248",./0.png
"249",./0.png
"250",./0.png
"251",./0.png
"252",./0.png
"253",./0.png
"254",./0.png
"255",./0.png
"256",./0.png
"257",./0.png
"258",./0.png
"259",./0.png
"260",./0.png
"261",./0.png
"262",./0.png
"263",./0.png
"264",./0.png
"265",./0.png
"266",./0.png
"267",./0.png
"268",./0.png
"269",./0.png
"270",./0.png
"271",./0.png
"272",./0.png
"273",./0.png
"274",./0.png
"275",./0.png
"276",./0.png
"277",./0.png
"278",./0.png
"279",./0.png
"280",./0.png
"281",./0.png
"282",./0.png
"283",./0.png
"284",./0.png
"285",./0.png
"286",./0.png
"287",./0.png
"288",./0.png
"289",./0.png
"290",./0.png
"291",./0.png
"292",./0.png
"293",./0.png
"294",./0.png
"295",./0.png
"296",./0.png
"297",./0.png
"298",./0.png
"299",./0.png
"300",./0.png
"301",./0.png
"302",./0.png
"303",./0.png
"304",./0.png
"305",./0.png
"306",./0.png
"307",./0.png
"308",./0.png
"309",./0.png
"310",./0.png
"311",./0.png
"312",./0.png
"313",./0.png
"314",./0.png
"315",./0.png
"316",./0.png
"317",./0.png
"318",./0.png
"319",./0.png
"320",./0.png
"321",./0.png
"322",./0.png
"323",./0.png
"324",./0.png
"325",./0.png
"326",./0.png
"327",./0.png
"328",./0.png
"329",./0.png
"330",./0.png
"331",./0.png
"332",./0.png
"333",./0.png
"334",./0.png
"335",./0.png
"336",./0.png
"337",./0.png
"338",./0.png
"339",./0.png
"340",./0.png
"341",./0.png
"342",./0.png
"343",./0.png
"344",./0.png
"345",./0.png
"346",./0.png
"347",./0.png
"348",./0.png
"349",./0.png
"350",./0.png
"351",./0.png
"352",./0.png
"353",./0.png
"354",./0.png
"355",./0.png
"356",./0.png
"357",./0.png
"358",./0.png
"359",./0.png
"360",./0.png
"361",./0.png
"362",./0.png
"363",./0.png
"364",./0.png
"365",./0.png
"366",./0.png
"367",./0.png
"368",./0.png
"369",./0.png
"370",./0.png
"371",./0.png
"372",./0.png
"373",./0.png
"374",./0.png
"375",./0.png
"376",./0.png
"377",./0.png
"378",./0.png
"379",./0.png
"380",./0.png
"381",./0.png
"382",./0.png
"383",./0.png
"384",./0.png
"385",./0.png
"386",./0.png
"387",./0.png
"388",./0.png
"389",./0.png
"390",./0.png
"391",./0.png
"392",./0.png
"393",./0.png
"394",./0.png
"395",./0.png
"396",./0.png
"397",./0.png
"398",./0.png
"399",./0.png
"400",./0.png
"401",./0.png
"402",./0.png
"403",./0.png
"404",./0.png
"405",./0.png
"406",./0.png
"407",./0.png
"408",./0.png
"409",./0.png
"410",./0.png
"411",./0.png
"412",./0.png
"413",./0.png
"414",./0.png
"415",./0.png
"416",./0.png
"417",./0.png
"418",./0.png
"419",./0.png
"420",./0.png
"421",./0.png
"422",./0.png
"423",./0.png
"424",./0.png
"425",./0.png
"426",./0.png
"427",./0.png
"428",./0.png
"429",./0.png
"430",./0.png
"431",./0.png
"432",./0.png
"433",./0.png
"434",./0.png
"435",./0.png
"436",./0.png
"437",./0.png
"438",./0.png
"439",./0.png
"440",./0.png
"441",./0.png
"442",./0.png
"443",./0.png
"444",./0.png
"445",./0.png
"446",./0.png
"447",./0.png
"448",./0.png
"449",./0.png
"450",./0.png
"451",./0.png
"452",./0.png
"453",./0.png
"454",./0.png
"455",./0.png
"456",./0.png
"457",./0.png
"458",./0.png
"459",./0.png
"460",./0.png
"461",./0.png
"462",./0.png
"463",./0.png
"464",./0.png
"465",./0.png
"466",./0.png
"467",./0.png
"468",./0.png
"469",./0.png
"470",./0.png
"471",./0.png
"472",./0.png
"473",./0.png
"474",./0.png
"475",./0.png
"476",./0.png
"477",./0.png
"478",./0.png
"479",./0.png
"480",./0.png
"481",./0.png
"482",./0.png
"483",./0.png
"484",./0.png
"485",./0.png
"486",./0.png
"487",./0.png
"488",./0.png
"489",./0.png
"490",./0.png
"491",./0.png
"492",./0.png
"493",./0.png
"494",./0.png
"495",./0.png
"496",./0.png
"497",./0.png
"498",./0.png
"499",./0.png
"500",./0.png
"501",./0.png
"502",./0.png
"503",./0.png
"504",./0.png
"505",./0.png
"506",./0.png
"507",./0.png
"508",./0.png
"509",./0.png
"510",./0.png
"511",./0.png
"512",./0.png
"513",./0.png
"514",./0.png
"515",./0.png
"516",./0.png
"517",./0.png
"518",./0.png
"519",./0.png
"520",./0.png
"521",./0.png
"522",./0.png
"523",./0.png
"524",./0.png
"525",./0.png
"526",./0.png
"527",./0.png
"528",./0.png
"529",./0.png
"530",./0.png
"531",./0.png
"532",./0.png
"533",./0.png
"534",./0.png
"535",./0.png
"536",./0.png
"537",./0.png
"538",./0.png
"539",./0.png
"540",./0.png
"541",./0.png
"542",./0.png
"543",./0.png
"544",./0.png
"545",./0.png
"546",./0.png
"547",./0.png
"548",./0.png
"549",./0.png
"550",./0.png
"551",./0.png
"552",./0.png
"553",./0.png
"554",./0.png
"555",./0.png
"556",./0.png
"557",./0.png
"558",./0.png
"559",./0.png
"560",./0.png
"561",./0.png
"562",./0.png
"563",./0.png
"564",./0.png
"565",./0.png
"566",./0.png
"567",./0.png
"568",./0.png
"569",./0.png
"570",./0.png
"571",./0.png
"572",./0.png
"573",./0.png
"574",./0.png
"575",./0.png
"576",./0.png
"577",./0.png
"578",./0.png
"579",./0.png
"580",./0.png
"581",./0.png
"582",./0.png
"583",./0.png
"584",./0.png
"585",./0.png
"586",./0.png
"587",./0.png
"588",./0.png
"589",./0.png
"590",./0.png
"591",./0.png
"592",./0.png
"593",./0.png
"594",./0.png
"595",./0.png
"596",./0.png
"597",./0.png
"598",./0.png
"599",./0.png
"600",./0.png
"601",./0.png
"602",./0.png
"603",./0.png
"604",./0.png
"605",./0.png
"606",./0.png
"607",./0.png
"608",./0.png
"609",./0.png
"610",./0.png
"611",./0.png
"612",./0.png
"613",./0.png
"614",./0.png
"615",./0.png
"616",./0.png
"617",./0.png
"618",./0.png
"619",./0.png
"620",./0.png
"621",./0.png
"622",./0.png
"623",./0.png
"624",./0.png
"625",./0.png
"626",./0.png
"627",./0.png
"628",./0.png
"629",./0.png
"630",./0.png
"631",./0.png
"632",./0.png
"633",./0.png
"634",./0.png
"635",./0.png
"636",./0.png
"637",./0.png
"638",./0.png
"639",./0.png
"640",./0.png
"641",./0.png
"642",./0.png
"643",./0.png
"644",./0.png
"645",./0.png
"646",./0.png
"647",./0.png
"648",./0.png
"649",./0.png
"650",./0.png
"651",./0.png
"652",./0.png
"653",./0.png
"654",./0.png
"655",./0.png
"656",./0.png
"657",./0.png
"658",./0.png
"659",./0.png
"660",./0.png
"661",./0.png
"662",./0.png
"663",./0.png
"664",./0.png
"665",./0.png
"666",./0.png
"667",./0.png
"668",./0.png
"669",./0.png
"670",./0.png
"671",./0.png
"672",./0.png
"673",./0.png
"674",./0.png
"675",./0.png
"676",./0.png
"677",./0.png
"678",./0.png
"679",./0.png
"680",./0.png
"681",./0.png
"682",./0.png
"683",./0.png
"684",./0.png
"685",./0.png
"686",./0.png
"687",./0.png
"688",./0.png
"689",./0.png
"690",./0.png
"691",./0.png
"692",./0.png
"693",./0.png
"694",./0.png
"695",./0.png
"696",./0.png
"697",./0.png
"698",./0.png
"699",./0.png
"700",./0.png
"701",./0.png
"702",./0.png
"703",./0.png
"704",./0.png
"705",./0.png
"706",./0.png
"707",./0.png
"708",./0.png
"709",./0.png
"710",./0.png
"711",./0.png
"712",./0.png
"713",./0.png
"714",./0.png
"715",./0.png
"716",./0.png
"717",./0.png
"718",./0.png
"719",./0.png
"720",./0.png
"721",./0.png
"722",./0.png
"723",./0.png
"724",./0.png
"725",./0.png
"726",./0.png
"727",./0.png
"728",./0.png
"729",./0.png
"730",./0.png
"731",./0.png
"732",./0.png
"733",./0.png
"734",./0.png
"735",./0.png
"736",./0.png
"737",./0.png
"738",./0.png
"739",./0.png
"740",./0.png
"741",./0.png
"742",./0.png
"743",./0.png
"744",./0.png
"745",./0.png
